metric,ai_model_value,stylized_dotcom_benchmark,ai_to_dotcom_ratio
market_to_fair_value,1.1274823409162302,2.2,0.512491973143741
weighted_low_quality_revenue_share,0.11113636363636363,0.45,0.24696969696969695
fcf_margin_5y,0.08334568630834517,-0.12,-0.6945473859028765
capex_to_revenue_5y,0.24093179193556405,0.35,0.6883765483873259
avg_overcapacity_5y,0.0,0.4,0.0
revenue_cagr_5y,0.24449912503076332,0.1,2.444991250307633
market_concentration_top3_share,0.7272727272727273,0.28,2.5974025974025974
profitable_revenue_share_start,0.9659090909090909,0.25,3.8636363636363638
